Instrumentgruppe,Stimme,Seiten,Anzahl
Deckblatt,Deckblatt,,0
Dirigent,Partitur,,0
Deckblatt,Stimmenliste,,0
Flöte,Piccoloflöte in C,,2
Flöte,Flöte in C,,5
Oboe,1. Oboe in C,,1
Oboe,2. Oboe in C,,1
Fagott,Fagott in C,,1
Klarinette,Klarinette in Es,,0
Klarinette,1. Klarinette in B,,3
Klarinette,2. Klarinette in B,,8
Klarinette,3. Klarinette in B,,9
Klarinette,Bass-Klarinette in B,,1
Saxophon,1. Altsaxophon in Es,,3
Saxophon,2. Altsaxophon in Es,,4
Saxophon,Tenorsaxophon in B,,3
Saxophon,Baritonsaxophon in Es,,2
Flügelhorn,1. Flügelhorn in B,,3
Flügelhorn,2. Flügelhorn in B,,4
Trompete,1. Trompete in B,,3
Trompete,2. Trompete in B,,4
Horn,1. Horn in Es,,0
Horn,2. Horn in Es,,0
Horn,3. Horn in Es,,0
Horn,4. Horn in Es,,0
Horn,1. Horn in F,,2
Horn,2. Horn in F,,2
Horn,3. Horn in F,,2
Horn,4. Horn in F,,2
Tenorhorn,1. Tenorhorn in B,,4
Tenorhorn,2. Tenorhorn in B,,1
Tenorhorn,Bariton in B,,5
Tenorhorn,Bariton in C,,1
Posaune,1. Posaune in B,,1
Posaune,2. Posaune in B,,1
Posaune,3. Posaune in B,,1
Posaune,1. Posaune in C,,1
Posaune,2. Posaune in C,,1
Posaune,3. Posaune in C,,1
Tuba,Tuba in B,,1
Tuba,Tuba in C,,6
Schlagwerk,Glockenspiel,,1
Schlagwerk,Pauken,,1
Schlagwerk,Schlagzeug,,3
